{"_timestamp":1.7830144593277698e+09,"_runtime":1135.3606161,"train/loss":1.1838923692703247,"_step":4549,"eval/delta1":0.7733132395802474,"train/lr":0.0001,"_wandb":{"runtime":1135},"eval/abs_rel":0.15493836626410484,"eval/rmse":0.5502490419440154}