{"train/loss":3.0305070877075195,"train/lr":0.0001,"_timestamp":1.783018739856056e+09,"_wandb":{"runtime":76},"_runtime":76.325794677,"_step":300}